"Balul lui Mihai Viteazu",Victorian,2022-06-17,11:47,13:47
"Balul lui Mihai Viteazu",Victorian,2022-06-17,11:47,13:47
"Balul lui Mihai Viteazu",Victorian,2022-06-17,17:47,13:47
"Balul lui Mihai Viteazu",Victorian,2022-06-17,17:47,13:47
"Balul lui Mihai Viteazu",Victorian,2022-06-17,17:47,18:47
"Balul lui Mihai Viteazu",Victorian,2022-06-17,17:47,18:47
"Balul lui Mihai Viteazu",Victorian,2022-06-17,17:47,18:47
"Balul lui Mihai Viteazu",Victorian,2022-06-17,17:47,18:47
"Balul lui Mihai Viteazu",Victorian,2022-06-17,17:47,18:47
"Balul lui Mihai Viteazu",Victorian,2022-06-17,17:47,18:47
"Balul lui Mihai Viteazu",Victorian,2022-06-17,17:47,18:47
"Balul lui Mihai Viteazu",Victorian,2022-06-17,17:47,18:47
"Balul lui Mihai Viteazu",Victorian,2022-06-17,17:47,18:47
"Balul lui Mihai Viteazu",Victorian,2022-06-17,17:47,18:47
"Balul lui Mihai Viteazu",Victorian,2022-06-17,17:47,18:47
"Balul lui Mihai Viteazu",Victorian,2022-06-17,17:47,18:47
"Balul lui Mihai Viteazu",Victorian,2022-06-17,17:47,18:47
"Balul lui Mihai Viteazu",Victorian,2022-06-17,17:47,18:47
"Balul lui Mihai Viteazu",Victorian,2022-06-17,17:47,18:47
"Balul lui Mihai Viteazu",Victorian,2022-06-17,17:47,18:47
"Balul lui Mihai Viteazu",Victorian,2022-06-17,17:47,18:47
"Balul lui Mihai Viteazu",Victorian,2022-06-17,17:47,18:47
"Balul lui Mihai Viteazu",Victorian,2022-06-17,17:47,18:47
"Balul lui Mihai Viteazu",Victorian,2022-06-17,17:47,18:47
"Balul lui Mihai Viteazu",Victorian,2022-06-17,17:47,18:47
"Balul lui Mihai Viteazu",Victorian,2022-06-17,17:47,18:47
"Balul lui Mihai Viteazu",Victorian,2022-06-17,17:47,18:47
"Balul lui Mihai Viteazu",Victorian,2022-06-17,17:47,18:47
"Balul lui Mihai Viteazu",Victorian,2022-06-17,17:47,18:47
"Balul lui Mihai Viteazu",Victorian,2022-06-17,17:47,18:47
"Balul lui Mihai Viteazu",Victorian,2022-06-17,17:47,18:47
"Balul lui Mihai Viteazu",Victorian,2022-06-17,17:47,18:47
"Balul lui Mihai Viteazu",Victorian,2022-06-17,17:47,18:47
"Balul lui Mihai Viteazu",Victorian,2022-06-17,17:47,18:47
"Balul lui Mihai Viteazu",Victorian,2022-06-17,17:47,18:47
"Balul lui Mihai Viteazu",Victorian,2022-06-17,17:47,18:47
"Balul lui Mihai Viteazu",Victorian,2022-06-17,17:47,18:47
"Balul lui Mihai Viteazu",Victorian,2022-06-17,17:47,18:47
,,,,
"Balul lui Mihai Viteazu",Victorian,2022-06-17,17:47,18:47
"Balul lui Mihai Viteazu",Victorian,2022-06-17,17:47,18:47
"Balul lui Mihai Viteazu",Victorian,2022-06-17,17:47,18:47
"Balul lui Mihai Viteazu",Victorian,2022-06-17,17:47,18:47
"Balul lui Mihai Viteazu",Victorian,2022-06-17,17:47,18:47
"Balul lui Mihai Viteazu",Victorian,2022-06-17,17:47,18:47
"Balul lui Mihai Viteazu",Victorian,2022-06-17,17:47,18:47
"Balul lui Mihai Viteazu",Victorian,2022-06-17,17:47,18:47
"Balul lui Mihai Viteazu",Victorian,2022-06-17,17:47,18:47
"Balul lui Mihai Viteazu",Victorian,2022-06-17,17:47,18:47
"Balul lui Mihai Viteazu",Victorian,2022-06-17,17:47,18:47
"Balul lui Mihai Viteazu",Victorian,2022-06-17,17:47,18:47
"Balul lui Mihai Viteazu",Victorian,2022-06-17,17:47,18:47
"Balul lui Mihai Viteazu",Victorian,2022-06-17,17:47,18:47
"Balul lui Mihai Viteazu",Victorian,2022-06-17,17:47,18:47
"Balul lui Mihai Viteazu",Victorian,2022-06-17,17:47,18:47
"Balul lui Mihai Viteazu",Victorian,2022-06-17,17:47,18:47
"Balul lui Mihai Viteazu",Victorian,2022-06-17,17:47,18:47
"Balul lui Mihai Viteazu",Victorian,2022-06-17,17:47,18:47
"Balul lui Mihai Viteazu",Victorian,2022-06-17,17:47,18:47
"Balul lui Mihai Viteazu",Victorian,2022-06-17,17:47,18:47
"Balul lui Mihai Viteazu",Victorian,2022-06-17,17:47,18:47
"Balul lui Mihai Viteazu",Victorian,2022-06-17,17:47,18:47
"Balul lui Mihai Viteazu",Victorian,2022-06-17,17:47,18:47
"Balul lui Mihai Viteazu",Victorian,2022-06-17,17:47,18:47
"Balul lui Mihai Viteazu",Victorian,2022-06-17,17:47,18:47
"Balul lui Mihai Viteazu",Victorian,2022-06-17,17:47,18:47
"Balul lui Mihai Viteazu",Victorian,2022-06-17,17:47,18:47
"Balul lui Mihai Viteazu",Victorian,2022-06-17,17:47,18:47
"Balul lui Mihai Viteazu",Victorian,2022-06-17,17:47,18:47
"Balul lui Mihai Viteazu",Victorian,2022-06-17,17:47,18:47
"Balul lui Mihai Viteazu",Victorian,2022-06-17,17:47,18:47
"Balul lui Mihai Viteazu",Victorian,2022-06-17,17:47,18:47
"Balul lui Mihai Viteazu",Victorian,2022-06-17,17:47,18:47
"Balul lui Mihai Viteazu",Victorian,2022-06-17,17:47,18:47
"Balul lui Mihai Viteazu",Victorian,2022-06-17,17:47,18:47
"Balul lui Mihai Viteazu",Victorian,2022-06-17,17:47,18:47
"Balul lui Mihai Viteazu",Victorian,2022-06-17,17:47,18:47
"Balul lui Mihai Viteazu",Victorian,2022-06-17,17:47,18:47
"Balul lui Mihai Viteazu",Victorian,2022-06-17,17:47,18:47
"Balul lui Mihai Viteazu",Victorian,2022-06-17,17:47,18:47
"Balul lui Mihai Viteazu",Victorian,2022-06-17,17:47,18:47
"Balul lui Mihai Viteazu",Victorian,2022-06-17,17:47,18:47
"Balul lui Mihai Viteazu",Victorian,2022-06-17,17:47,18:47
"Balul lui Mihai Viteazu",Victorian,2022-06-17,17:47,18:47
"Balul lui Mihai Viteazu",Victorian,2022-06-17,17:47,18:47
"Balul lui Mihai Viteazu",Victorian,2022-06-17,17:47,18:47
"Balul lui Mihai Viteazu",Victorian,2022-06-17,17:47,18:47
"Balul lui Mihai Viteazu",Victorian,2022-06-17,17:47,18:47
"Balul lui Mihai Viteazu",Victorian,2022-06-17,17:47,18:47
"Balul lui Mihai Viteazu",Victorian,2022-06-17,17:47,18:47
"Balul lui Mihai Viteazu",Victorian,2022-06-17,17:47,18:47
"Balul lui Mihai Viteazu",Victorian,2022-06-17,17:47,18:47
"Balul lui Mihai Viteazu",Victorian,2022-06-17,17:47,18:47
"Balul lui Mihai Viteazu",Victorian,2022-06-17,17:47,18:47
"Balul lui Mihai Viteazu",Victorian,2022-06-17,17:47,18:47
,,,,
"Balul lui Mihai Viteazu",Victorian,2022-06-17,17:47,18:47
"Balul lui Mihai Viteazu",Victorian,2022-06-17,17:47,18:47
"Balul lui Mihai Viteazu",Victorian,2022-06-17,17:47,18:47
"Balul lui Mihai Viteazu",Victorian,2022-06-17,17:47,18:47
"Balul lui Mihai Viteazu",Victorian,2022-06-17,17:47,18:47
"Balul lui Mihai Viteazu",Victorian,2022-06-17,17:47,18:47
"Balul lui Mihai Viteazu",Victorian,2022-06-17,17:47,18:47
"Balul lui Mihai Viteazu",Victorian,2022-06-17,17:47,18:47
"Balul lui Mihai Viteazu",Victorian,2022-06-17,17:47,18:47
"Balul lui Mihai Viteazu",Victorian,2022-06-17,17:47,18:47
"Balul lui Mihai Viteazu",Victorian,2022-06-17,17:47,18:47
"Balul lui Mihai Viteazu",Victorian,2022-06-17,17:47,18:47
"Balul lui Mihai Viteazu",Victorian,2022-06-17,17:47,18:47
"Balul lui Mihai Viteazu",cabaret,2022-06-17,17:47,18:47
"Balul lui Mihai Viteazu",cabaret,2022-06-17,17:47,18:47
"Balul lui Mihai Viteazu",cabaret,2022-06-17,17:47,18:47
"Balul lui Mihai Viteazu",cabaret,2022-06-17,17:47,18:47
"Balul lui Mihai Viteazu",cabaret,2022-06-17,17:47,18:47
"Balul lui Mihai Viteazu",cabaret,2022-06-17,17:47,18:47
"Balul lui Mihai Viteazu",cabaret,2022-06-17,17:47,18:47
"Balul lui Mihai Viteazu",cabaret,2022-06-17,17:47,18:47
,,,,
"Balul lui Mihai Viteazu",cabaret,2022-06-17,17:47,18:47
,,,,
"Balul lui Mihai Viteazu",cabaret,2022-06-18,17:47,18:47
,,,,
,,,,
,,,,
"Balul lui Mihai Viteazu",cabaret,2022-06-18,17:47,18:47
"Balul lui Mihai Viteazu",cabaret,2022-06-18,17:47,18:47
